DurationGroup,sessions,median_duration,mean_conversion,median_conversion
very_short,497,0.3967585690575952,0.9619458694709283,1.0
short_mid,496,1.3296985077332713,0.9775242673849829,1.0
mid_long,496,2.8592182442785887,0.9913772823025415,1.0
long,497,6.340482445358551,0.9992811800918769,1.0
