PrevVisitsGroup,sessions,median_duration,median_pageviews,mean_conversion
0,282,2.1554197125408594,5.0,0.9675400143357233
1-3,1431,1.9830882420458695,5.0,0.9838950210325642
4-9,273,1.967849736551672,5.0,0.9908606342031242
