traffic_source,sessions,median_session_duration_min,median_page_views,mean_conversion_prob
Direct,215,1.8876982972830405,5.0,0.978579655195402
Organic,783,2.0896768872811124,5.0,0.982400962667988
Paid,423,1.7687066027914922,5.0,0.9808531764186571
Referral,298,1.9882061903434352,5.0,0.9878291386966285
Social,267,2.2723828292867188,5.0,0.9828331673595242
